epoch,time,train/box_loss,train/cls_loss,train/dfl_loss,metrics/precision(B),metrics/recall(B),metrics/mAP50(B),metrics/mAP50-95(B),val/box_loss,val/cls_loss,val/dfl_loss,lr/pg0,lr/pg1,lr/pg2
1,8.23793,1.17286,7.98144,0.02766,0.10817,0.41667,0.21847,0.1175,1.25286,4.33574,0.02287,5e-05,5e-05,0.09505
2,9.44636,1.29338,3.28827,0.0296,0.00072,0.08333,0.00037,0.00011,1.66822,53.62,0.03142,0.000108911,0.000108911,0.0891089
3,10.5676,0.99788,1.25124,0.02222,0.00037,0.08333,0.00027,6e-05,1.73019,30.6773,0.03477,0.000166634,0.000166634,0.0831666
4,11.4911,1.08764,0.9563,0.02646,0.00083,0.25,0.00067,0.00011,2.22733,20.2992,0.04706,0.000223169,0.000223169,0.0772232
5,12.3746,1.06964,0.7128,0.02737,0.88076,0.16667,0.17575,0.07128,2.04994,8.52132,0.04315,0.000278516,0.000278516,0.0712785
6,13.4183,1.1289,0.62744,0.02788,0.93574,0.41667,0.43796,0.32178,1.30332,3.02983,0.02506,0.000332675,0.000332675,0.0653327
7,14.3665,1.10055,0.57969,0.02522,0.87939,0.75,0.83688,0.65191,0.99437,1.32595,0.02054,0.000385646,0.000385646,0.0593856
8,15.4757,1.13434,0.46476,0.02869,1,0.73685,0.845,0.64494,0.93093,1.1904,0.01794,0.000437429,0.000437429,0.0534374
9,16.493,1.07661,0.40913,0.02309,1,0.74553,0.86423,0.66069,0.92449,1.11805,0.01626,0.000488024,0.000488024,0.047488
10,17.6102,0.97711,0.43678,0.02553,0.91661,0.91608,0.93417,0.70259,0.93129,0.59007,0.01731,0.000537431,0.000537431,0.0415374
11,18.7194,1.0036,0.40493,0.02667,0.98379,0.91667,0.963,0.75277,0.93416,0.48193,0.01803,0.00058565,0.00058565,0.0355857
12,19.925,0.98847,0.42328,0.02476,0.91008,0.91667,0.9648,0.79612,0.76844,0.47457,0.01416,0.000632681,0.000632681,0.0296327
13,20.9485,0.81441,0.29727,0.02117,0.97539,0.75,0.94301,0.76588,0.87249,0.69055,0.01521,0.000678524,0.000678524,0.0236785
14,22.0993,0.94415,0.35922,0.025,1,0.89391,0.915,0.72615,0.90565,0.7805,0.0157,0.000723179,0.000723179,0.0177232
15,23.2249,0.74169,0.36554,0.01873,1,0.89391,0.915,0.72615,0.90565,0.7805,0.0157,0.000766646,0.000766646,0.0117666
16,24.311,0.78346,0.38187,0.02129,0.91591,0.9083,0.90083,0.74516,0.83179,0.68867,0.01473,0.000808925,0.000808925,0.00580892
17,25.2686,0.69693,0.33036,0.01768,1,0.90585,0.94243,0.78366,0.76652,0.57842,0.01378,0.0008416,0.0008416,0.0008416
18,26.1818,0.7745,0.30642,0.01863,1,0.81768,0.94633,0.80067,0.73849,0.4942,0.01272,0.0008317,0.0008317,0.0008317
19,27.1924,0.80975,0.35667,0.02252,1,0.81768,0.94633,0.80067,0.73849,0.4942,0.01272,0.0008218,0.0008218,0.0008218
20,28.1913,0.71072,0.30001,0.01799,1,0.9129,0.94929,0.81798,0.70606,0.44678,0.01205,0.0008119,0.0008119,0.0008119
21,29.0539,0.68915,0.23017,0.01664,0.99202,0.91667,0.9534,0.77482,0.72746,0.50281,0.01265,0.000802,0.000802,0.000802
22,30.1522,0.63617,0.22784,0.01433,0.99156,0.91667,0.975,0.79279,0.76046,0.40458,0.01326,0.0007921,0.0007921,0.0007921
23,31.261,0.70905,0.27544,0.01778,0.99156,0.91667,0.975,0.79279,0.76046,0.40458,0.01326,0.0007822,0.0007822,0.0007822
24,32.2986,0.62505,0.21371,0.01471,0.99574,0.91667,0.98357,0.81891,0.68824,0.3515,0.01203,0.0007723,0.0007723,0.0007723
25,33.3383,0.66483,0.2178,0.01468,1,0.91449,0.98885,0.823,0.66581,0.34467,0.01189,0.0007624,0.0007624,0.0007624
26,34.5553,0.62731,0.20211,0.01657,1,0.91036,0.979,0.8374,0.61243,0.377,0.01041,0.0007525,0.0007525,0.0007525
27,35.7561,0.59937,0.2431,0.01276,1,0.91036,0.979,0.8374,0.61243,0.377,0.01041,0.0007426,0.0007426,0.0007426
28,36.6553,0.62301,0.26405,0.01504,1,0.91015,0.98885,0.8495,0.60455,0.40841,0.01059,0.0007327,0.0007327,0.0007327
29,37.6454,0.53743,0.21241,0.01175,1,0.91016,0.98885,0.83283,0.65258,0.43346,0.0114,0.0007228,0.0007228,0.0007228
30,38.5929,0.54563,0.18191,0.01302,1,0.91051,0.979,0.7935,0.7599,0.48378,0.01368,0.0007129,0.0007129,0.0007129
31,39.5723,0.60921,0.18967,0.01392,1,0.91051,0.979,0.7935,0.7599,0.48378,0.01368,0.000703,0.000703,0.000703
32,40.5164,0.61064,0.21774,0.01427,0.99466,0.83333,0.96269,0.79192,0.76978,0.50203,0.0137,0.0006931,0.0006931,0.0006931
33,41.536,0.6082,0.20572,0.01357,0.99737,0.83333,0.95916,0.79365,0.7834,0.44862,0.01369,0.0006832,0.0006832,0.0006832
34,42.4913,0.6034,0.24319,0.01379,1,0.91228,0.979,0.81523,0.79152,0.4021,0.01388,0.0006733,0.0006733,0.0006733
35,43.5817,0.57462,0.22182,0.01245,1,0.91228,0.979,0.81523,0.79152,0.4021,0.01388,0.0006634,0.0006634,0.0006634
36,44.6168,0.59884,0.20604,0.0117,0.99845,0.91667,0.975,0.7887,0.80862,0.39194,0.0144,0.0006535,0.0006535,0.0006535
37,45.6474,0.60283,0.21949,0.01542,0.99015,0.91667,0.98357,0.81556,0.78782,0.36251,0.01422,0.0006436,0.0006436,0.0006436
38,46.8423,0.5835,0.22863,0.01394,1,0.99266,0.995,0.84593,0.78108,0.25908,0.01426,0.0006337,0.0006337,0.0006337
39,47.8146,0.67239,0.26086,0.01664,1,0.99266,0.995,0.84593,0.78108,0.25908,0.01426,0.0006238,0.0006238,0.0006238
40,48.9031,0.58678,0.20401,0.01249,1,0.90727,0.98885,0.83119,0.75454,0.30197,0.01358,0.0006139,0.0006139,0.0006139
41,49.7464,0.66548,0.21323,0.01775,1,0.99588,0.995,0.86144,0.68327,0.23275,0.01194,0.000604,0.000604,0.000604
42,50.7087,0.60355,0.20636,0.01283,1,0.99722,0.995,0.87176,0.64772,0.20681,0.01141,0.0005941,0.0005941,0.0005941
43,51.5741,0.62031,0.19533,0.01422,1,0.99722,0.995,0.87176,0.64772,0.20681,0.01141,0.0005842,0.0005842,0.0005842
44,52.5338,0.66305,0.21205,0.01792,0.91712,1,0.98885,0.8526,0.64108,0.23278,0.0114,0.0005743,0.0005743,0.0005743
45,53.4126,0.57772,0.17113,0.01378,0.99583,1,0.995,0.84733,0.67734,0.19015,0.01192,0.0005644,0.0005644,0.0005644
46,54.3699,0.50817,0.17754,0.01072,0.99491,1,0.995,0.83012,0.7306,0.2019,0.01276,0.0005545,0.0005545,0.0005545
47,55.4371,0.57532,0.18735,0.01277,0.99491,1,0.995,0.83012,0.7306,0.2019,0.01276,0.0005446,0.0005446,0.0005446
48,56.5632,0.58406,0.17431,0.01244,0.99504,1,0.995,0.7912,0.78291,0.21321,0.01398,0.0005347,0.0005347,0.0005347
49,57.5862,0.59351,0.21376,0.01515,0.99542,1,0.995,0.79521,0.77669,0.20951,0.01418,0.0005248,0.0005248,0.0005248
50,58.8401,0.57302,0.20358,0.01422,0.99498,1,0.995,0.81185,0.7572,0.20708,0.01412,0.0005149,0.0005149,0.0005149
51,59.8517,0.53394,0.17241,0.01233,0.99498,1,0.995,0.81185,0.7572,0.20708,0.01412,0.000505,0.000505,0.000505
52,60.7431,0.51412,0.16525,0.01353,0.995,1,0.995,0.82189,0.7233,0.19665,0.01352,0.0004951,0.0004951,0.0004951
53,61.8378,0.56006,0.17071,0.01519,0.99409,1,0.995,0.8429,0.67415,0.19835,0.01216,0.0004852,0.0004852,0.0004852
54,62.705,0.46825,0.18117,0.01176,0.99153,1,0.995,0.87075,0.61071,0.19269,0.01051,0.0004753,0.0004753,0.0004753
55,63.6745,0.49143,0.16509,0.01213,0.99153,1,0.995,0.87075,0.61071,0.19269,0.01051,0.0004654,0.0004654,0.0004654
56,64.498,0.51581,0.16629,0.01229,0.99272,1,0.995,0.85267,0.64042,0.25063,0.0109,0.0004555,0.0004555,0.0004555
57,65.5486,0.48373,0.14958,0.01128,0.99453,1,0.995,0.84864,0.65674,0.19325,0.01132,0.0004456,0.0004456,0.0004456
